place_id,place_name,category_name,category_group,address_name,road_address_name,phone,place_url,x,y,search_context,main_category
799001769,성수베이킹스튜디오,"음식점 > 간식 > 제과,베이커리",음식점,서울 성동구 성수동1가 668-123,서울 성동구 서울숲2길 46,02-468-0789,http://place.map.kakao.com/799001769,127.04375872148697,37.54618518238096,맛집,음식점
940053669,로우커피스탠드,음식점 > 카페,카페,서울 성동구 성수동1가 8-16,서울 성동구 왕십리로4길 28-2,010-4334-2387,http://place.map.kakao.com/940053669,127.04663357436208,37.54715716085294,맛집,음식점
611079689,메시,음식점 > 일식,음식점,서울 성동구 성수동1가 14-47,서울 성동구 상원2길 3,02-461-1121,http://place.map.kakao.com/611079689,127.049369033212,37.5459901562643,맛집,음식점
487665317,미테이블 성수본점,음식점 > 양식,음식점,서울 성동구 성수동1가 656-385,서울 성동구 왕십리로8길 5,02-461-0089,http://place.map.kakao.com/487665317,127.045286584884,37.5465359959002,맛집,음식점
1057053940,차만다 서울숲점,음식점 > 양식,음식점,서울 성동구 성수동1가 685-480,서울 성동구 서울숲2길 28-12,02-6448-0812,http://place.map.kakao.com/1057053940,127.041413159969,37.5466040918188,맛집,음식점
1434008249,카모플라쥬,음식점 > 카페,카페,서울 성동구 성수동1가 656-703,서울 성동구 아차산로1길 9,010-5350-1530,http://place.map.kakao.com/1434008249,127.04568413998196,37.54898655935269,맛집,음식점
1791652938,더마틴,"음식점 > 간식 > 제과,베이커리",음식점,서울 성동구 성수동1가 685-496,서울 성동구 서울숲2길 8-7,02-738-2299,http://place.map.kakao.com/1791652938,127.03959499679632,37.54720478073687,맛집,음식점
780776735,이태리국시 성수,음식점 > 양식,음식점,서울 성동구 성수동1가 656-1085,서울 성동구 왕십리로8길 18-1,02-464-0950,http://place.map.kakao.com/780776735,127.046723416911,37.5460579066554,맛집,음식점
1136796720,홍성집,음식점 > 한식,음식점,서울 성동구 성수동1가 656-939,서울 성동구 왕십리로5길 12,0507-1467-1582,http://place.map.kakao.com/1136796720,127.04436461083,37.5470066673147,맛집,음식점
1793286778,바스버거 성수점,음식점 > 양식 > 햄버거 > 바스버거,음식점,서울 성동구 성수동1가 656-1075,서울 성동구 왕십리로8길 16,02-464-6674,http://place.map.kakao.com/1793286778,127.046295736709,37.5461571849968,맛집,음식점
918469508,화로양미,"음식점 > 한식 > 육류,고기 > 갈비",음식점,서울 성동구 성수동1가 13-165,서울 성동구 상원4길 9,070-7818-8886,http://place.map.kakao.com/918469508,127.049677691514,37.5472946732279,맛집,음식점
1483073499,빠오즈푸 서울숲점,음식점 > 중식,음식점,서울 성동구 성수동1가 656-1082,서울 성동구 왕십리로6길 13,02-499-9256,http://place.map.kakao.com/1483073499,127.04620282598933,37.54596260560189,맛집,음식점
1541295175,취월당,음식점 > 중식 > 중국요리,음식점,서울 성동구 성수동1가 656-1043,서울 성동구 왕십리로10길 5,02-6958-8528,http://place.map.kakao.com/1541295175,127.045222415244,37.5470847288127,맛집,음식점
16471967,성수아구찜탕,"음식점 > 한식 > 해물,생선 > 아구",음식점,서울 성동구 성수동1가 656-318,서울 성동구 왕십리로4길 10,02-465-4346,http://place.map.kakao.com/16471967,127.0458699022966,37.54557710780354,맛집,음식점
27373628,할머니의레시피,음식점 > 한식,음식점,서울 성동구 성수동1가 668-108,서울 성동구 서울숲2길 44-12,02-467-5101,http://place.map.kakao.com/27373628,127.0430865478504,37.54617281557421,맛집,음식점
1493852185,온량,음식점 > 양식 > 이탈리안,음식점,서울 성동구 성수동1가 668-54,서울 성동구 서울숲4길 26-10,02-6403-3643,http://place.map.kakao.com/1493852185,127.043440031512,37.5469079011998,맛집,음식점
27300932,밀도 성수본점,"음식점 > 간식 > 제과,베이커리",음식점,서울 성동구 성수동1가 656-442,서울 성동구 왕십리로 96,02-497-5050,http://place.map.kakao.com/27300932,127.0448790311714,37.54623882183776,맛집,음식점
1367836895,키베이커리,"음식점 > 간식 > 제과,베이커리",음식점,서울 성동구 성수동1가 656-93,서울 성동구 성수일로 13-1,02-823-9360,http://place.map.kakao.com/1367836895,127.04847470552832,37.541921613852686,맛집,음식점
1058713465,터틀힙 성수,음식점 > 카페,카페,서울 성동구 성수동1가 7-13,서울 성동구 왕십리로14길 23,010-4291-8799,http://place.map.kakao.com/1058713465,127.046307436496,37.5486069961473,맛집,음식점
12055448,대성갈비,"음식점 > 한식 > 육류,고기 > 갈비",음식점,서울 성동구 성수동1가 656-591,서울 성동구 상원1길 26,02-464-3012,http://place.map.kakao.com/12055448,127.04843220827088,37.5461941699897,맛집,음식점
1965582130,제스티살룬 성수,음식점 > 양식 > 햄버거,음식점,서울 성동구 성수동1가 668-30,서울 성동구 서울숲4길 13,02-2205-2622,http://place.map.kakao.com/1965582130,127.04244685499071,37.547564189547295,맛집,음식점
1075267853,호앙비엣 성수점,음식점 > 아시아음식 > 동남아음식 > 베트남음식,음식점,서울 성동구 성수동1가 656-629,서울 성동구 왕십리로4길 10-3,,http://place.map.kakao.com/1075267853,127.045965057142,37.5457428546238,맛집,음식점
1904529538,업사이드커피 뚝섬점,음식점 > 카페 > 커피전문점,카페,서울 성동구 성수동1가 7-8,서울 성동구 왕십리로14길 19-1,,http://place.map.kakao.com/1904529538,127.04589900708892,37.54875221639669,맛집,음식점
74382442,메이탄 성수서울숲점,음식점 > 중식 > 중국요리,음식점,서울 성동구 성수동1가 656-335,서울 성동구 왕십리로 50,02-6085-1080,http://place.map.kakao.com/74382442,127.044944305564,37.5418725543326,맛집,음식점
507320427,암암리,음식점 > 한식,음식점,서울 성동구 성수동1가 685-502,서울 성동구 서울숲2길 13,,http://place.map.kakao.com/507320427,127.04011334116868,37.5473307456322,맛집,음식점
138688310,로우키커피 헤이그라운드점,음식점 > 카페 > 커피전문점,카페,서울 성동구 성수동1가 22-8,서울 성동구 뚝섬로1나길 5,070-8810-2010,http://place.map.kakao.com/138688310,127.04777478478088,37.544471727511365,맛집,음식점
1054118175,호호식당 성수동점,음식점 > 일식,음식점,서울 성동구 성수동1가 668-22,서울 성동구 서울숲4길 25,02-498-2384,http://place.map.kakao.com/1054118175,127.04386340878833,37.54717624234943,맛집,음식점
27417406,서울숲누룽지통닭구이,음식점 > 치킨,음식점,서울 성동구 성수동1가 656-940,서울 성동구 왕십리로5길 10,02-462-9920,http://place.map.kakao.com/27417406,127.04440418923618,37.54695980050319,맛집,음식점
1272791908,이태리차차,음식점 > 양식 > 이탈리안,음식점,서울 성동구 성수동1가 16-25,서울 성동구 연무장길 14-5,02-465-8893,http://place.map.kakao.com/1272791908,127.051055679631,37.5435170972785,맛집,음식점
21237863,비사벌 전주콩나물국밥,음식점 > 한식 > 국밥,음식점,서울 성동구 성수동1가 656-448,서울 성동구 왕십리로6길 1-2,02-464-8704,http://place.map.kakao.com/21237863,127.04503068048648,37.54626489308063,맛집,음식점
20304491,강남면옥 성수점,음식점 > 한식 > 냉면,음식점,서울 성동구 성수동1가 13-171,서울 성동구 성수일로 77,02-6968-0800,http://place.map.kakao.com/20304491,127.050651127189,37.5476654711782,맛집,음식점
2077832392,슈퍼말차 성수,음식점 > 카페,카페,서울 성동구 성수동1가 668-9,서울 성동구 서울숲6길 19,070-4632-3882,http://place.map.kakao.com/2077832392,127.04371989345786,37.547516873126085,맛집,음식점
904308336,타크,음식점 > 카페,카페,서울 성동구 성수동1가 668-75,서울 성동구 서울숲4길 16,0507-1373-0819,http://place.map.kakao.com/904308336,127.042773724654,37.5472721479804,맛집,음식점
1709948682,성수라,음식점 > 한식,음식점,서울 성동구 성수동1가 656-1839,서울 성동구 왕십리로4길 13-1,02-2088-6767,http://place.map.kakao.com/1709948682,127.045897366341,37.5460762506011,맛집,음식점
982120715,KROW,음식점 > 카페,카페,서울 성동구 성수동1가 656-1014,서울 성동구 상원1길 35-18,02-694-1021,http://place.map.kakao.com/982120715,127.04708904783436,37.54625958518172,맛집,음식점
746075956,구펠,음식점 > 카페,카페,서울 성동구 성수동1가 656-834,서울 성동구 왕십리로14길 30-1,010-8431-1430,http://place.map.kakao.com/746075956,127.046989660502,37.5483697639949,맛집,음식점
111033977,멘야포모,음식점 > 일식 > 일본식라면,음식점,서울 성동구 성수동1가 668-41,서울 성동구 서울숲4길 28,,http://place.map.kakao.com/111033977,127.043842910027,37.5469546042365,맛집,음식점
1211911711,어썸블리스,음식점 > 카페 > 테마카페 > 디저트카페,카페,서울 성동구 성수동1가 14-50,서울 성동구 상원2길 5-11,070-4258-2266,http://place.map.kakao.com/1211911711,127.049482344691,37.5462207645764,맛집,음식점
1941275560,메쉬커피,음식점 > 카페 > 커피전문점,카페,서울 성동구 성수동1가 685-307,서울 성동구 서울숲길 43,02-464-7078,http://place.map.kakao.com/1941275560,127.042453959446,37.5481192022199,맛집,음식점
1389172496,포레스트 성수 카페,음식점 > 카페,카페,서울 성동구 성수동1가 685-259,서울 성동구 서울숲4길 12-8,02-462-8999,http://place.map.kakao.com/1389172496,127.042048447879,37.5474237762724,맛집,음식점
1795368894,눈꽃돼지,"음식점 > 한식 > 육류,고기",음식점,서울 성동구 성수동1가 656-990,서울 성동구 왕십리로8길 17-4,02-464-2072,http://place.map.kakao.com/1795368894,127.046716731945,37.5462254951127,맛집,음식점
752150202,리커버리커피바,음식점 > 카페,카페,서울 성동구 성수동1가 656-1141,서울 성동구 왕십리로16가길 10,070-7786-5021,http://place.map.kakao.com/752150202,127.04484754482596,37.55034738773333,맛집,음식점
1572401530,서우,음식점 > 중식 > 중국요리,음식점,서울 성동구 성수동1가 685-696,서울 성동구 서울숲2길 32-14,02-464-5333,http://place.map.kakao.com/1572401530,127.04290965472669,37.545536774660086,맛집,음식점
24663812,봉짬뽕,음식점 > 중식 > 중국요리,음식점,서울 성동구 성수동1가 13-187,서울 성동구 성수일로11길 11,02-466-8506,http://place.map.kakao.com/24663812,127.050312664778,37.5491865015636,맛집,음식점
82106380,후후베이크,"음식점 > 간식 > 제과,베이커리",음식점,서울 성동구 성수동1가 656-1097,서울 성동구 상원1길 13,02-466-9609,http://place.map.kakao.com/82106380,127.048765325748,37.5451155370232,맛집,음식점
731708720,메가MGC커피 뚝섬역점,음식점 > 카페 > 커피전문점 > 메가MGC커피,카페,서울 성동구 성수동1가 14-1,서울 성동구 상원길 38-1,02-461-6888,http://place.map.kakao.com/731708720,127.048713625542,37.5473959867476,카페,음식점
157479724,비엔나커피하우스 서울숲역점,음식점 > 카페,카페,서울 성동구 성수동1가 656-447,서울 성동구 왕십리로 66,070-4628-5049,http://place.map.kakao.com/157479724,127.04500184376413,37.54347270757987,카페,음식점
1485067109,픽베이크,음식점 > 카페 > 커피전문점,카페,서울 성동구 성수동1가 685-329,서울 성동구 서울숲2길 20-1,0503-7152-6736,http://place.map.kakao.com/1485067109,127.04093016202542,37.546961055788,카페,음식점
806362867,묘사서울,음식점 > 카페 > 테마카페 > 디저트카페,카페,서울 성동구 성수동1가 685-486,서울 성동구 서울숲2길 2,,http://place.map.kakao.com/806362867,127.03974696532929,37.54783182484728,카페,음식점
794503991,그레이핍플 성수점,음식점 > 카페 > 그레이핍플,카페,서울 성동구 성수동1가 661-3,서울 성동구 왕십리로 94-1,02-499-7873,http://place.map.kakao.com/794503991,127.044945651325,37.5459991307649,카페,음식점
27408657,파머스카페,음식점 > 카페,카페,서울 성동구 성수동1가 656-1083,서울 성동구 왕십리로6길 11,02-464-4222,http://place.map.kakao.com/27408657,127.046091956815,37.546005896883,카페,음식점
705457660,스타벅스 서울숲역,음식점 > 카페 > 커피전문점 > 스타벅스,카페,서울 성동구 성수동1가 656-335,서울 성동구 왕십리로 50,1522-3232,http://place.map.kakao.com/705457660,127.04471805162032,37.54195913619448,카페,음식점
376746050,바이닐 성수,음식점 > 카페,카페,서울 성동구 성수동1가 656-1112,서울 성동구 아차산로 15-8,,http://place.map.kakao.com/376746050,127.046215318336,37.5478682133326,카페,음식점
486898582,아뜰리에8,음식점 > 카페,카페,서울 성동구 성수동1가 656-47,서울 성동구 왕십리로16길 13-1,02-548-0469,http://place.map.kakao.com/486898582,127.045645552501,37.5506588273645,카페,음식점
1012537694,라플랑,음식점 > 카페,카페,서울 성동구 성수동1가 656-1659,서울 성동구 왕십리로2길 30,02-499-2022,http://place.map.kakao.com/1012537694,127.048024911337,37.5427858562266,카페,음식점
718080084,베르그 서울숲,음식점 > 카페,카페,서울 성동구 성수동1가 668-42,서울 성동구 서울숲4길 26,,http://place.map.kakao.com/718080084,127.04367997259756,37.54697809059236,카페,음식점
801186197,미디엄스톤,음식점 > 카페 > 커피전문점,카페,서울 성동구 성수동1가 656-711,서울 성동구 왕십리로10길 18-1,0507-1383-7181,http://place.map.kakao.com/801186197,127.04652228819,37.5465319115248,카페,음식점
1492599844,블루보틀 성수 카페,음식점 > 카페 > 커피전문점 > 블루보틀,카페,서울 성동구 성수동1가 656-302,서울 성동구 아차산로 7,1533-6906,http://place.map.kakao.com/1492599844,127.04564285335792,37.54808827968672,카페,음식점
27288012,프라이데이무브먼트,음식점 > 카페 > 테마카페 > 디저트카페,카페,서울 성동구 성수동1가 656-1766,서울 성동구 왕십리로14길 7,02-6012-4862,http://place.map.kakao.com/27288012,127.045034873904,37.5494733479673,카페,음식점
917278025,코리야,음식점 > 카페 > 테마카페 > 디저트카페,카페,서울 성동구 성수동1가 656-640,서울 성동구 왕십리로4길 10-20,0503-7153-1245,http://place.map.kakao.com/917278025,127.046408501087,37.5455201344056,카페,음식점
328817208,5TO7,음식점 > 카페,카페,서울 성동구 성수동1가 668-136,서울 성동구 서울숲2길 44-13,0507-1333-7616,http://place.map.kakao.com/328817208,127.043321867062,37.5460826295749,카페,음식점
1615406957,카페 마트리,음식점 > 카페,카페,서울 성동구 성수동1가 668-27,서울 성동구 서울숲4길 17,0503-7152-0566,http://place.map.kakao.com/1615406957,127.04290845695763,37.54739553593021,카페,음식점
404659840,마일스톤커피 성수,음식점 > 카페,카페,서울 성동구 성수동1가 668-101,서울 성동구 서울숲4길 15,070-4477-1100,http://place.map.kakao.com/404659840,127.042786272267,37.547446937205,카페,음식점
2146977772,섬타르 서울숲,음식점 > 카페 > 테마카페 > 디저트카페,카페,서울 성동구 성수동1가 685-484,서울 성동구 서울숲2길 24-8,,http://place.map.kakao.com/2146977772,127.041077176737,37.5467898149535,카페,음식점
563433944,디어벌스데이,음식점 > 카페 > 테마카페 > 디저트카페,카페,서울 성동구 성수동1가 685-218,서울 성동구 서울숲길 55,0507-1343-8495,http://place.map.kakao.com/563433944,127.043663722195,37.5482187719263,카페,음식점
1984445511,아후,음식점 > 카페 > 테마카페 > 디저트카페,카페,서울 성동구 성수동1가 72-98,서울 성동구 뚝섬로 341-18,,http://place.map.kakao.com/1984445511,127.048541954698,37.5409304865575,카페,음식점
817580839,호과당,음식점 > 카페 > 테마카페 > 디저트카페,카페,서울 성동구 성수동1가 668-49,서울 성동구 서울숲2길 45,,http://place.map.kakao.com/817580839,127.043640038134,37.5464149810353,카페,음식점
985392413,피킹플레져,음식점 > 카페 > 테마카페 > 디저트카페,카페,서울 성동구 성수동1가 7-1,서울 성동구 왕십리로14길 19-7,,http://place.map.kakao.com/985392413,127.045991873433,37.5488702110702,카페,음식점
108934302,메리노,음식점 > 카페,카페,서울 성동구 성수동1가 685-350,서울 성동구 서울숲길 24,0503-7153-7999,http://place.map.kakao.com/108934302,127.039991419884,37.5478785942438,카페,음식점
1926018643,단일서울,음식점 > 카페,카페,서울 성동구 성수동1가 656-471,서울 성동구 왕십리로 66-33,02-461-9779,http://place.map.kakao.com/1926018643,127.045499458426,37.5430310271685,카페,음식점
212004695,클레멘타인,음식점 > 카페,카페,서울 성동구 성수동1가 685-490,서울 성동구 서울숲2길 5-1,070-8802-3511,http://place.map.kakao.com/212004695,127.039778497426,37.5475434946272,카페,음식점
1387324500,시즈니,음식점 > 카페 > 테마카페 > 디저트카페,카페,서울 성동구 성수동1가 668-13,서울 성동구 서울숲6길 14,0507-1340-4979,http://place.map.kakao.com/1387324500,127.043039797974,37.5475243309654,카페,음식점
1280049532,앳이즈,음식점 > 카페,카페,서울 성동구 성수동1가 685-201,서울 성동구 왕십리로5길 19,,http://place.map.kakao.com/1280049532,127.043861470246,37.5477303573313,카페,음식점
1978726590,레이어10,음식점 > 카페,카페,서울 성동구 성수동1가 14-27,서울 성동구 상원4길 10,02-469-7710,http://place.map.kakao.com/1978726590,127.04933800426336,37.546984872050885,카페,음식점
2883754,플로피,음식점 > 카페,카페,서울 성동구 성수동1가 656-544,서울 성동구 아차산로1가길 10,0502-5552-1381,http://place.map.kakao.com/2883754,127.046629911696,37.5485437993448,카페,음식점
256970182,성수지앵,음식점 > 카페,카페,서울 성동구 성수동1가 685-161,서울 성동구 왕십리로 101,0507-1416-7502,http://place.map.kakao.com/256970182,127.04425804600244,37.546678743714,카페,음식점
1203255682,메모레,음식점 > 카페 > 테마카페 > 디저트카페,카페,서울 성동구 성수동1가 656-568,서울 성동구 성수일로3길 7,,http://place.map.kakao.com/1203255682,127.047818574246,37.5421651512737,카페,음식점
796843799,유어네이키드치즈,음식점 > 술집 > 와인바,음식점,서울 성동구 성수동1가 656-439,서울 성동구 왕십리로10길 6,02-2124-0924,http://place.map.kakao.com/796843799,127.04531043788975,37.54668375057324,와인바,음식점
883575794,웨스트사이드,음식점 > 술집 > 와인바,음식점,서울 성동구 성수동1가 229-2,서울 성동구 성덕정길 52,010-6567-4689,http://place.map.kakao.com/883575794,127.04915123918823,37.53829030457692,와인바,음식점
89046784,곡성,음식점 > 술집 > 와인바,음식점,서울 성동구 성수동1가 99-1,서울 성동구 성덕정3길 5-1,010-3441-3242,http://place.map.kakao.com/89046784,127.047373356919,37.5395470253114,와인바,음식점
800405439,아도르,음식점 > 술집 > 와인바,음식점,서울 성동구 성수동1가 656-80,서울 성동구 성수일로3길 4-13,0503-7152-9101,http://place.map.kakao.com/800405439,127.048243062028,37.5424181594975,와인바,음식점
902535562,레타주,음식점 > 술집 > 와인바,음식점,서울 성동구 성수동1가 656-686,서울 성동구 왕십리로10길 19-2,0503-7153-6432,http://place.map.kakao.com/902535562,127.046825581363,37.546571435596,와인바,음식점
195304151,와아,음식점 > 술집 > 와인바,음식점,서울 성동구 성수동1가 14-44,서울 성동구 상원2길 1-10,0507-1366-3924,http://place.map.kakao.com/195304151,127.04931486051892,37.54620822065609,와인바,음식점
1544982248,도믹스,음식점 > 술집 > 와인바,음식점,서울 성동구 성수동1가 355-3,서울 성동구 둘레9가길 9,,http://place.map.kakao.com/1544982248,127.0498234170197,37.53671327237188,와인바,음식점
822428456,아카이브서울,음식점 > 술집 > 와인바,음식점,서울 성동구 성수동1가 8-21,서울 성동구 왕십리로4길 26-7,02-467-0706,http://place.map.kakao.com/822428456,127.046717231249,37.5470255819535,와인바,음식점
1705828,브와르,음식점 > 술집 > 와인바,음식점,서울 성동구 성수동1가 72-41,서울 성동구 성덕정3길 8,010-4638-0624,http://place.map.kakao.com/1705828,127.047631345882,37.5395604365336,와인바,음식점
861681320,퀴바라,음식점 > 술집 > 와인바,음식점,서울 성동구 성수동1가 656-1214,서울 성동구 성수일로1길 18,02-6953-0804,http://place.map.kakao.com/861681320,127.046804735855,37.5421889834587,와인바,음식점
1343174515,오일장,음식점 > 술집 > 와인바,음식점,서울 성동구 성수동1가 685-448,서울 성동구 서울숲2길 20-8,010-4001-9655,http://place.map.kakao.com/1343174515,127.04075133998906,37.54690885970784,와인바,음식점
1342141719,브릴로,음식점 > 술집 > 와인바,음식점,서울 성동구 성수동1가 668-13,서울 성동구 서울숲6길 14,070-4162-0503,http://place.map.kakao.com/1342141719,127.04303979797427,37.54752433096536,와인바,음식점
882125035,모루타루,음식점 > 술집 > 와인바,음식점,서울 성동구 성수동1가 14-48,서울 성동구 상원2길 5-5,02-466-6225,http://place.map.kakao.com/882125035,127.0493939959676,37.5460928597107,와인바,음식점
1342603676,위키드와이프,음식점 > 술집 > 와인바,음식점,서울 성동구 성수동1가 656-365,서울 성동구 성수일로 1,02-499-7772,http://place.map.kakao.com/1342603676,127.0478403701295,37.540858692887134,와인바,음식점
2067613521,뚝도살롱,음식점 > 술집 > 와인바,음식점,서울 성동구 성수동1가 14-42,서울 성동구 아차산로 46,,http://place.map.kakao.com/2067613521,127.04938169645,37.546317213599,와인바,음식점
1468586722,배치원,음식점 > 술집 > 와인바,음식점,서울 성동구 성수동1가 668-20,서울 성동구 왕십리로5길 11,,http://place.map.kakao.com/1468586722,127.043996965033,37.547221242604,와인바,음식점
274355932,바차차,음식점 > 술집 > 와인바,음식점,서울 성동구 성수동1가 16-25,서울 성동구 연무장길 14-5,,http://place.map.kakao.com/274355932,127.051047740332,37.5434900707295,와인바,음식점
1486751960,언와인드,음식점 > 술집 > 와인바,음식점,서울 성동구 성수동1가 668-53,서울 성동구 서울숲4길 22-7,,http://place.map.kakao.com/1486751960,127.043295226826,37.5469782322881,와인바,음식점
831132468,버틀러 성수,음식점 > 술집 > 와인바,음식점,서울 성동구 성수동1가 685-420,서울 성동구 서울숲2길 19-13,010-7323-8982,http://place.map.kakao.com/831132468,127.040953012979,37.5473610913623,와인바,음식점
1757756094,씩씩,음식점 > 술집 > 와인바,음식점,서울 성동구 성수동1가 656-297,서울 성동구 왕십리로 114,070-4035-7595,http://place.map.kakao.com/1757756094,127.04474636801,37.5476858763787,와인바,음식점
1282359122,피비지랩,음식점 > 술집 > 와인바,음식점,서울 성동구 성수동1가 656-604,서울 성동구 왕십리로 102,070-4006-4823,http://place.map.kakao.com/1282359122,127.04486794744004,37.54662625560585,와인바,음식점
508996964,뤼들라스와프,음식점 > 술집 > 와인바,음식점,서울 성동구 성수동1가 685-696,서울 성동구 서울숲2길 32-14,02-403-4388,http://place.map.kakao.com/508996964,127.04292101447,37.5456133554542,와인바,음식점
1364992547,기러기둥지 성수,음식점 > 술집 > 와인바,음식점,서울 성동구 성수동2가 310-64,서울 성동구 연무장길 38,0507-1391-0293,http://place.map.kakao.com/1364992547,127.053476731412,37.5428564941135,와인바,음식점
1500087019,리호,음식점 > 술집 > 와인바,음식점,서울 성동구 성수동2가 316-47,서울 성동구 연무장길 37-18,0503-7151-0281,http://place.map.kakao.com/1500087019,127.05378828304372,37.54338163527272,와인바,음식점
716120896,오늘와인한잔 성수가든점,음식점 > 술집 > 와인바,음식점,서울 성동구 성수동2가 316-1,서울 성동구 연무장7길 7-1,02-587-6660,http://place.map.kakao.com/716120896,127.054450303746,37.5434687288111,와인바,음식점
691956619,보또비노,음식점 > 술집 > 와인바,음식점,서울 성동구 성수동2가 299-57,서울 성동구 광나루로4가길 2,0503-7151-8197,http://place.map.kakao.com/691956619,127.0541492130407,37.54959115481552,와인바,음식점
1001599039,페이지스,음식점 > 술집 > 와인바,음식점,서울 성동구 성수동2가 320-1,서울 성동구 성수이로 75,0503-7152-8725,http://place.map.kakao.com/1001599039,127.055920089781,37.5418192128609,와인바,음식점
565319678,모어,음식점 > 술집 > 와인바,음식점,서울 성동구 성수동2가 532-64,서울 성동구 둘레11길 26,,http://place.map.kakao.com/565319678,127.053167478485,37.5375947944994,와인바,음식점
108240739,블루 성수,음식점 > 술집 > 와인바,음식점,서울 성동구 성수동2가 315-39,서울 성동구 연무장7가길 9,010-5809-1310,http://place.map.kakao.com/108240739,127.055507960142,37.5430033206872,와인바,음식점
2135234063,그룬트,음식점 > 술집 > 와인바,음식점,서울 성동구 성수동2가 269-113,서울 성동구 성수이로12길 13,02-6954-1255,http://place.map.kakao.com/2135234063,127.056738903807,37.5397825627911,와인바,음식점
1390269682,와인샵&바 한낮의밤,음식점 > 술집 > 와인바,음식점,서울 성동구 성수동2가 566-10,서울 성동구 성덕정길 109,010-8078-7493,http://place.map.kakao.com/1390269682,127.055650738909,37.5371882002395,와인바,음식점
757225720,움 성수,음식점 > 술집 > 와인바,음식점,서울 성동구 성수동2가 289-236,서울 성동구 아차산로7길 20,0507-1331-5939,http://place.map.kakao.com/757225720,127.054946122993,37.546823819842,와인바,음식점
80972708,포도젝트,음식점 > 술집 > 와인바,음식점,서울 성동구 성수동2가 331-150,서울 성동구 뚝섬로7길 7-1,02-6954-0069,http://place.map.kakao.com/80972708,127.056397763577,37.5390394012198,와인바,음식점
975072318,루루피피글루글루,음식점 > 술집 > 와인바,음식점,서울 성동구 성수동2가 315-61,서울 성동구 연무장5가길 25,010-3930-2753,http://place.map.kakao.com/975072318,127.055613600739,37.5435510786153,와인바,음식점
539672530,나린제,음식점 > 술집 > 와인바,음식점,서울 성동구 성수동2가 299-131,서울 성동구 성수일로12가길 12-13,02-464-1990,http://place.map.kakao.com/539672530,127.053170200985,37.5493951820541,와인바,음식점
2001064133,윕 성수,음식점 > 술집 > 와인바,음식점,서울 성동구 성수동2가 299-63,서울 성동구 광나루로4가길 5,0503-7150-2166,http://place.map.kakao.com/2001064133,127.05434160242297,37.549604581414776,와인바,음식점
1842486238,성수물고기,음식점 > 술집 > 와인바,음식점,서울 성동구 성수동2가 339-122,서울 성동구 성덕정15길 5-1,,http://place.map.kakao.com/1842486238,127.053665748474,37.5381892292669,와인바,음식점
1102310567,파라디,음식점 > 술집 > 와인바,음식점,서울 성동구 성수동2가 331-59,서울 성동구 뚝섬로9길 3-1,070-8691-1904,http://place.map.kakao.com/1102310567,127.056759571056,37.5386860358465,와인바,음식점
911589324,슈퍼오리,음식점 > 술집 > 와인바,음식점,서울 성동구 성수동2가 299-3,서울 성동구 아차산로7길 43,02-462-5252,http://place.map.kakao.com/911589324,127.05574438558824,37.54899124853763,와인바,음식점
79569246,재즈엑스오버,음식점 > 술집 > 와인바,음식점,서울 성동구 성수동2가 277-138,서울 성동구 아차산로13길 2,02-6397-0171,http://place.map.kakao.com/79569246,127.06072242647672,37.543380075159945,와인바,음식점
96799309,성수옥상,음식점 > 술집 > 와인바,음식점,서울 성동구 성수동2가 272-35,서울 성동구 연무장17길 5,010-7597-3723,http://place.map.kakao.com/96799309,127.060941317986,37.5412166625464,와인바,음식점
158542449,비노 탭 시에나,음식점 > 술집 > 와인바,음식점,서울 강남구 청담동 115-15,서울 강남구 도산대로81길 42,02-543-5050,http://place.map.kakao.com/158542449,127.046688970218,37.5271098807524,와인바,음식점
1706044689,마마리 펍,음식점 > 술집 > 와인바,음식점,서울 성동구 성수동2가 256-3,서울 성동구 연무장18길 16,02-465-7306,http://place.map.kakao.com/1706044689,127.06199432151,37.5393186087881,와인바,음식점
1306243944,슈가프리,음식점 > 술집 > 와인바,음식점,서울 강남구 신사동 661-18,서울 강남구 압구정로50길 7,,http://place.map.kakao.com/1306243944,127.038609516457,37.5277471037129,와인바,음식점
2073196362,살롱뒤부케,음식점 > 술집 > 와인바,음식점,서울 강남구 청담동 117-14,서울 강남구 도산대로81길 16-6,02-512-4067,http://place.map.kakao.com/2073196362,127.048047818685,37.5255812363342,와인바,음식점
1449995147,피크하우스,"가정,생활 > 생활용품점 > 인테리어장식판매",,서울 성동구 성수동1가 668-127,서울 성동구 서울숲6길 22,,http://place.map.kakao.com/1449995147,127.043838571449,37.5472753614449,소품샵,"가정,생활"
1878579844,라라바스켓,"가정,생활 > 생활용품점 > 인테리어장식판매",,서울 성동구 성수동1가 685-218,서울 성동구 서울숲길 55,,http://place.map.kakao.com/1878579844,127.043663722195,37.5482187719199,소품샵,"가정,생활"
1311851952,내러티브 오브젝트,"가정,생활 > 생활용품점 > 인테리어장식판매",,서울 성동구 성수동1가 685-482,서울 성동구 서울숲2길 24-7,0502-5550-4522,http://place.map.kakao.com/1311851952,127.041251426625,37.5467591202392,소품샵,"가정,생활"
1749392221,아에이아오,"가정,생활 > 생활용품점 > 인테리어장식판매",,서울 성동구 성수동1가 685-439,서울 성동구 서울숲2길 11-16,,http://place.map.kakao.com/1749392221,127.040149721845,37.5476460828432,소품샵,"가정,생활"
503411431,앙뜨,"가정,생활 > 생활용품점 > 인테리어장식판매",,서울 성동구 성수동1가 13-103,서울 성동구 상원길 58,,http://place.map.kakao.com/503411431,127.048216837758,37.5491369200621,소품샵,"가정,생활"
1447289596,우주먼지,"가정,생활 > 생활용품점 > 인테리어장식판매",,서울 성동구 성수동1가 83,서울 성동구 성덕정5길 1,,http://place.map.kakao.com/1447289596,127.048370894738,37.5388672668805,소품샵,"가정,생활"
2120504104,폴씨네 뚝도상점,"가정,생활 > 생활용품점 > 인테리어장식판매",,서울 성동구 성수동1가 656-1731,서울 성동구 아차산로 6,,http://place.map.kakao.com/2120504104,127.045117540193,37.5476893391359,소품샵,"가정,생활"
738391701,디아더월드,"가정,생활 > 생활용품점 > 인테리어장식판매",,서울 성동구 성수동1가 33-5,서울 성동구 뚝섬로5길 11,070-8657-1334,http://place.map.kakao.com/738391701,127.050625195694,37.5411134157853,소품샵,"가정,생활"
910102569,제인마치메종,"가정,생활 > 생활용품점 > 인테리어장식판매",,서울 성동구 성수동1가 656-89,서울 성동구 성수일로3길 8,02-547-3217,http://place.map.kakao.com/910102569,127.047922745584,37.5422750309938,소품샵,"가정,생활"
176137294,하월의 하루 성수점,"가정,생활 > 생활용품점 > 인테리어장식판매",,서울 성동구 성수동1가 685-493,서울 성동구 서울숲2길 11-7,,http://place.map.kakao.com/176137294,127.039900694428,37.5475110174357,소품샵,"가정,생활"
1715069018,플렁아웃오브스페이스,"가정,생활 > 생활용품점 > 인테리어장식판매",,서울 성동구 성수동1가 685-448,서울 성동구 서울숲2길 20-8,070-887-2700,http://place.map.kakao.com/1715069018,127.040769447128,37.5469115564541,소품샵,"가정,생활"
282820527,스튜디오Aa,"가정,생활 > 생활용품점 > 인테리어장식판매",,서울 성동구 성수동1가 685-283,서울 성동구 서울숲2길 28,070-8154-4309,http://place.map.kakao.com/282820527,127.041710848975,37.5467445428719,소품샵,"가정,생활"
664620400,LXXE 러브오어라이크,"가정,생활 > 생활용품점 > 인테리어장식판매",,서울 성동구 성수동1가 656-570,서울 성동구 뚝섬로1가길 27,,http://place.map.kakao.com/664620400,127.047811655595,37.5419624291561,소품샵,"가정,생활"
2023863870,오브뉴,"가정,생활 > 생활용품점 > 인테리어장식판매",,서울 성동구 성수동1가 685-216,서울 성동구 서울숲길 51-1,010-9483-9266,http://place.map.kakao.com/2023863870,127.043309501478,37.5481801594351,소품샵,"가정,생활"
363761365,곳집,"가정,생활 > 생활용품점 > 인테리어장식판매",,서울 성동구 성수동1가 656-934,서울 성동구 왕십리로5길 14-1,0503-7153-5930,http://place.map.kakao.com/363761365,127.044241393615,37.5472229532685,소품샵,"가정,생활"
1098311199,아토제이드,"가정,생활 > 생활용품점 > 인테리어장식판매",,서울 성동구 성수동1가 656-1110,서울 성동구 아차산로 17,02-542-9269,http://place.map.kakao.com/1098311199,127.04646202741328,37.547894245479085,소품샵,"가정,생활"
1600361656,성수지물포,"가정,생활 > 생활용품점 > 인테리어장식판매",,서울 성동구 성수동1가 198-2,서울 성동구 성덕정길 42,02-463-7825,http://place.map.kakao.com/1600361656,127.04831752901644,37.53857896868895,소품샵,"가정,생활"
733174378,하코나,"가정,생활 > 생활용품점 > 인테리어장식판매",,서울 성동구 성수동1가 418-4,서울 성동구 둘레7길 9,070-4225-6063,http://place.map.kakao.com/733174378,127.048752438332,37.5374885796776,소품샵,"가정,생활"
1695638974,리빈트,"가정,생활 > 생활용품점 > 인테리어장식판매",,서울 성동구 성수동1가 296,서울 성동구 뚝섬로4길 28,070-8150-3578,http://place.map.kakao.com/1695638974,127.051221848556,37.5383074446161,소품샵,"가정,생활"
1838916813,플렁아웃오브스페이스FOOS,"가정,생활 > 생활용품점 > 인테리어장식판매",,서울 성동구 성수동1가 685-448,서울 성동구 서울숲2길 20-8,02-578-1550,http://place.map.kakao.com/1838916813,127.040751339008,37.546907057704,소품샵,"가정,생활"
1331814727,터래기 집들이,"가정,생활 > 생활용품점 > 인테리어장식판매",,서울 성동구 성수동1가 27-3,서울 성동구 성수일로4길 12,,http://place.map.kakao.com/1331814727,127.050127141568,37.5425245936914,소품샵,"가정,생활"
453119176,스모어팩토리 누디트서울숲,"가정,생활 > 생활용품점 > 인테리어장식판매",,서울 성동구 성수동1가 656-1731,서울 성동구 아차산로 6,,http://place.map.kakao.com/453119176,127.045394771344,37.5476649059103,소품샵,"가정,생활"
850702586,어라운드,"가정,생활 > 생활용품점 > 인테리어장식판매",,서울 성동구 성수동1가 685-704,서울 성동구 왕십리로 63,,http://place.map.kakao.com/850702586,127.043587489521,37.543621002015,소품샵,"가정,생활"
1576209963,메이드파니,"가정,생활 > 생활용품점 > 인테리어장식판매",,서울 성동구 성수동2가 301-68,서울 성동구 연무장1길 4,,http://place.map.kakao.com/1576209963,127.049992512156,37.5442545696136,소품샵,"가정,생활"
543485105,헤이데이,"가정,생활 > 생활용품점 > 인테리어장식판매",,서울 성동구 성수동2가 301-52,서울 성동구 연무장길 9-1,,http://place.map.kakao.com/543485105,127.05072780893,37.5439298962831,소품샵,"가정,생활"
1156741235,헤븐센스 성수연무장점,"가정,생활 > 생활용품점 > 인테리어장식판매",,서울 성동구 성수동2가 301-8,서울 성동구 연무장3길 13,0507-1481-7765,http://place.map.kakao.com/1156741235,127.05165636494084,37.5449115828983,소품샵,"가정,생활"
11583044,삼일공영,"가정,생활 > 생활용품점 > 인테리어장식판매",,서울 성동구 성수동2가 301-88,서울 성동구 연무장길 13,,http://place.map.kakao.com/11583044,127.051191668035,37.5438125661921,소품샵,"가정,생활"
1606300970,미피스토어 서울,"가정,생활 > 생활용품점 > 인테리어장식판매",,서울 성동구 성수동2가 273-45,서울 성동구 연무장13길 5,,http://place.map.kakao.com/1606300970,127.057991042385,37.5421515838439,소품샵,"가정,생활"
253975676,메릴러번,"가정,생활 > 생활용품점 > 인테리어장식판매",,서울 성동구 성수동2가 320-1,서울 성동구 성수이로 77,,http://place.map.kakao.com/253975676,127.05598810941429,37.54199037054919,소품샵,"가정,생활"
729355240,사무엘스몰즈,"가정,생활 > 생활용품점 > 인테리어장식판매",,서울 성동구 성수동2가 315-61,서울 성동구 연무장5가길 25,02-2135-5655,http://place.map.kakao.com/729355240,127.055604546975,37.5435492808802,소품샵,"가정,생활"
262030097,페이퍼가든,"가정,생활 > 생활용품점 > 인테리어장식판매",,서울 성동구 성수동2가 316-55,서울 성동구 연무장길 37-17,,http://place.map.kakao.com/262030097,127.053624232073,37.5434150468617,소품샵,"가정,생활"
40007899,케이알인터내셔날,"가정,생활 > 생활용품점 > 인테리어장식판매",,서울 성동구 성수동2가 284-55,서울 성동구 성수일로8길 5,02-516-9170,http://place.map.kakao.com/40007899,127.051615988259,37.5470748991516,소품샵,"가정,생활"
1595073535,퍼플퀸,"가정,생활 > 생활용품점 > 인테리어장식판매",,서울 성동구 성수동2가 575-2,서울 성동구 성덕정길 112-1,010-5604-7254,http://place.map.kakao.com/1595073535,127.0558089568949,37.53693854847108,소품샵,"가정,생활"
1187719564,소라이크유,"가정,생활 > 생활용품점 > 인테리어장식판매",,서울 성동구 성수동2가 321-104,서울 성동구 성수이로7가길 19,,http://place.map.kakao.com/1187719564,127.05536572815,37.54193660402,소품샵,"가정,생활"
516264263,띵굴브라이트 성수점,"가정,생활 > 생활용품점 > 인테리어장식판매",,서울 성동구 성수동2가 322-4,서울 성동구 성수이로14길 14,,http://place.map.kakao.com/516264263,127.057018651551,37.5416204676098,소품샵,"가정,생활"
1611325883,아로콜렉션,"가정,생활 > 생활용품점 > 인테리어장식판매",,서울 성동구 성수동2가 320-1,서울 성동구 성수이로7가길 22-7,,http://place.map.kakao.com/1611325883,127.055784514641,37.5420985868598,소품샵,"가정,생활"
317687490,홈어게인,"가정,생활 > 생활용품점 > 인테리어장식판매",,서울 성동구 성수동2가 300-6,서울 성동구 성수일로8길 42,,http://place.map.kakao.com/317687490,127.055053694018,37.5453785673947,소품샵,"가정,생활"
1738321124,가스스테이션,"가정,생활 > 생활용품점 > 인테리어장식판매",,서울 성동구 성수동2가 263-10,서울 성동구 뚝섬로 424,070-7954-6153,http://place.map.kakao.com/1738321124,127.057614433797,37.5379891487561,소품샵,"가정,생활"
1800806042,엠에이에이 오브젝트,"가정,생활 > 생활용품점 > 인테리어장식판매",,서울 성동구 성수동2가 289-205,서울 성동구 아차산로7길 42,,http://place.map.kakao.com/1800806042,127.055829012291,37.5486614430811,소품샵,"가정,생활"
197090527,더블리상점,"가정,생활 > 생활용품점 > 인테리어장식판매",,서울 성동구 성수동2가 271-19,서울 성동구 연무장길 84,,http://place.map.kakao.com/197090527,127.05852226381334,37.54138547210579,소품샵,"가정,생활"
26818863,비아플로라,"가정,생활 > 생활용품점 > 인테리어장식판매",,서울 성동구 성수동2가 277-17,서울 성동구 성수이로 118,070-4060-1961,http://place.map.kakao.com/26818863,127.057855332099,37.5451754041647,소품샵,"가정,생활"
1862993869,초샵,"가정,생활 > 생활용품점 > 인테리어장식판매",,서울 성동구 성수동2가 264-3,서울 성동구 뚝섬로 423,070-7954-9205,http://place.map.kakao.com/1862993869,127.057672367023,37.5382855495349,소품샵,"가정,생활"
19612587,키스마이하우스,"가정,생활 > 생활용품점 > 인테리어장식판매",,서울 성동구 성수동2가 834,서울 성동구 성수이로 137,02-6237-1033,http://place.map.kakao.com/19612587,127.057032792797,37.5468156224398,소품샵,"가정,생활"
1661075979,쿠니쿠순,"가정,생활 > 생활용품점 > 인테리어장식판매",,서울 성동구 성수동2가 831,서울 성동구 둘레19길 6,,http://place.map.kakao.com/1661075979,127.057838278078,37.5348175177892,소품샵,"가정,생활"
648006629,랩크리트,"가정,생활 > 생활용품점 > 인테리어장식판매",,서울 성동구 송정동 81-10,서울 성동구 광나루로 253,010-9132-4664,http://place.map.kakao.com/648006629,127.058159506951,37.5492621852175,소품샵,"가정,생활"
1832883001,더코브 종합팝업스토어,"가정,생활 > 운명감정",,서울 성동구 성수동1가 668-39,서울 성동구 서울숲2길 47,,http://place.map.kakao.com/1832883001,127.044019077993,37.5463382554321,팝업스토어,"가정,생활"
1217151713,메이커스스튜디오 팝업스토어,"서비스,산업 > 마케팅 > 상품전시,매장전시",,서울 성동구 성수동2가 331-15,서울 성동구 뚝섬로 403,,http://place.map.kakao.com/1217151713,127.055628202494,37.5388361402204,팝업스토어,"서비스,산업"
522691996,파네라이 팝업스토어,"서비스,산업 > 마케팅 > 상품전시,매장전시",,서울 강남구 청담동 83-15,서울 강남구 선릉로158길 13-14,,http://place.map.kakao.com/522691996,127.04154562536,37.5263324353241,팝업스토어,"서비스,산업"
98681541,메타그라운드 성수점,"문화,예술 > 문화시설 > 전시관",문화시설,서울 성동구 성수동1가 656-335,서울 성동구 왕십리로 50,070-8657-2312,http://place.map.kakao.com/98681541,127.044910368371,37.5418869832387,팝업스토어,"문화,예술"
749898900,OWF STUDIO(오우프스튜디오),"문화,예술 > 문화시설 > 전시관",문화시설,서울 성동구 성수동2가 309-152,,070-8877-8910,http://place.map.kakao.com/749898900,127.054726038991,37.5414233324114,팝업스토어,"문화,예술"
1287176421,레노버 성수 팝업스토어,"가정,생활 > 전자제품 > 전자제품서비스센터 > 레노버",,서울 성동구 성수동2가 275-28,서울 성동구 연무장17길 10,,http://place.map.kakao.com/1287176421,127.061509627854,37.5415668567541,팝업스토어,"가정,생활"
1953700261,히떼,"서비스,산업 > 마케팅 > 상품전시,매장전시",,서울 성동구 성수동2가 19-7,서울 성동구 성수이로22길 61,02-2205-1007,http://place.map.kakao.com/1953700261,127.063907544925,37.5431486395084,팝업스토어,"서비스,산업"
823387051,아무아쥬코리아 도산팝업스토어,"가정,생활 > 미용 > 화장품 > 향수",,서울 강남구 신사동 631-33,서울 강남구 언주로154길 18,,http://place.map.kakao.com/823387051,127.034819820994,37.5233297671372,팝업스토어,"가정,생활"
1655449778,펀플랜,"서비스,산업 > 마케팅 > 광고기획,광고대행",,서울 성동구 성수동2가 280,서울 성동구 아차산로17길 48,0507-1398-7742,http://place.map.kakao.com/1655449778,127.06588947754386,37.546393850099015,팝업스토어,"서비스,산업"
198343255,소여름 전시회,"문화,예술 > 문화시설 > 전시관",문화시설,서울 성동구 성수동1가 668-12,서울 성동구 서울숲6길 8-1,,http://place.map.kakao.com/198343255,127.042480864771,37.5476722971703,전시회,"문화,예술"
1020747898,조향사의 집 The House of Perfumer,"가정,생활 > 미용 > 화장품 > 향수",,서울 성동구 성수동1가 656-570,서울 성동구 뚝섬로1가길 27,0507-1391-7589,http://place.map.kakao.com/1020747898,127.04779353329668,37.54193450551018,전시회,"가정,생활"
1891570540,에스팩토리,"문화,예술 > 문화시설",,서울 성동구 성수동2가 273-13,서울 성동구 연무장15길 11,02-6388-8321,http://place.map.kakao.com/1891570540,127.059573316959,37.5426445439481,전시회,"문화,예술"
16021912,김리아갤러리,"문화,예술 > 미술,공예 > 화랑",,서울 강남구 청담동 100-31,서울 강남구 압구정로75길 5,02-517-7713,http://place.map.kakao.com/16021912,127.04685367189133,37.52636018189735,전시회,"문화,예술"
23686303,리나갤러리,"문화,예술 > 미술,공예 > 화랑",,서울 강남구 논현동 76-15,서울 강남구 논현로142길 43,02-544-0286,http://place.map.kakao.com/23686303,127.0328446035885,37.51803603976765,전시회,"문화,예술"
1521520436,어나더바운더리,"문화,예술 > 문화시설",,서울 성동구 하왕십리동 890-122,서울 성동구 왕십리로31길 11,,http://place.map.kakao.com/1521520436,127.027916124832,37.5636170880525,전시회,"문화,예술"
1854321980,정선부뚜막,음식점 > 한식,음식점,서울 성동구 성수동1가 668-13,서울 성동구 서울숲6길 14,02-499-8253,http://place.map.kakao.com/1854321980,127.043014873485,37.547473884115,데이트,음식점
142054376,누메로도스,음식점 > 양식 > 이탈리안,음식점,서울 성동구 성수동1가 656-1021,서울 성동구 상원1길 35-9,02-468-7943,http://place.map.kakao.com/142054376,127.0473606920262,37.5463567844372,데이트,음식점
1663735697,차이나플레인 서울숲점,음식점 > 중식 > 중국요리,음식점,서울 성동구 성수동1가 656-36,서울 성동구 뚝섬로1길 25,02-2088-8493,http://place.map.kakao.com/1663735697,127.046303235769,37.5436451963365,데이트,음식점
15225276,성수동간판없는집,"음식점 > 한식 > 육류,고기 > 닭요리",음식점,서울 성동구 성수동1가 14-70,서울 성동구 성수일로 59-1,010-559-2634,http://place.map.kakao.com/15225276,127.0500162450018,37.54590338799391,데이트,음식점
929060385,버섯집,음식점 > 한식,음식점,서울 성동구 성수동1가 668-34,서울 성동구 왕십리로5길 9-10,0502-5553-7814,http://place.map.kakao.com/929060385,127.04406908248,37.5467022403596,데이트,음식점
603776217,성수AGU,음식점 > 한식,음식점,서울 성동구 성수동1가 13-145,서울 성동구 상원길 48-1,02-466-5667,http://place.map.kakao.com/603776217,127.04851048667156,37.548246613175785,데이트,음식점
1759130915,연남토마 성수점,음식점 > 퓨전요리,음식점,서울 성동구 성수동1가 668-93,서울 성동구 서울숲4길 16-20,070-4065-6548,http://place.map.kakao.com/1759130915,127.042299445794,37.5470344551339,데이트,음식점
261652555,홍화돈,"음식점 > 한식 > 육류,고기 > 삼겹살",음식점,서울 성동구 성수동1가 656-309,서울 성동구 왕십리로4길 23-1,02-464-7988,http://place.map.kakao.com/261652555,127.046350559703,37.5469752705161,데이트,음식점
206136106,고공 성수본점,"음식점 > 한식 > 육류,고기",음식점,서울 성동구 성수동1가 656-1940,서울 성동구 왕십리로8길 10,02-6368-5050,http://place.map.kakao.com/206136106,127.045852222985,37.5462726859187,데이트,음식점
1349429702,코너룸,음식점 > 양식,음식점,서울 성동구 성수동1가 13-441,서울 성동구 상원길 64,02-6951-0323,http://place.map.kakao.com/1349429702,127.04797055762376,37.54978754126734,데이트,음식점
1855258755,이로우,음식점 > 술집 > 일본식주점,음식점,서울 성동구 성수동1가 16-27,서울 성동구 연무장길 12,02-6953-7448,http://place.map.kakao.com/1855258755,127.0508023340864,37.54369740641665,데이트,음식점
26510896,소녀방앗간 서울숲시작점,음식점 > 한식,음식점,서울 성동구 성수동1가 668-35,서울 성동구 왕십리로5길 9-16,02-6268-0778,http://place.map.kakao.com/26510896,127.0440644797052,37.54657249823226,데이트,음식점
1412303854,스시이치바,"음식점 > 일식 > 초밥,롤",음식점,서울 성동구 성수동1가 656-971,서울 성동구 왕십리로14길 8,02-6338-2318,http://place.map.kakao.com/1412303854,127.044822077558,37.5493941410678,데이트,음식점
232126548,무색,음식점 > 일식,음식점,서울 성동구 성수동1가 14-44,서울 성동구 상원2길 1-10,010-3449-8662,http://place.map.kakao.com/232126548,127.049328437266,37.5462046109894,데이트,음식점
709830668,네모네,"음식점 > 간식 > 제과,베이커리",음식점,서울 성동구 성수동1가 16-2,서울 성동구 상원2길 6,010-3947-1820,http://place.map.kakao.com/709830668,127.049517155312,37.5458143994347,데이트,음식점
1530215201,체다앤올리,음식점 > 카페,카페,서울 성동구 성수동1가 685-696,서울 성동구 서울숲2길 32-14,02-468-1003,http://place.map.kakao.com/1530215201,127.04186304333012,37.54572185515044,데이트,음식점
49642900,브리비트,음식점 > 양식,음식점,서울 성동구 성수동1가 13-191,서울 성동구 상원6길 5-1,0507-1333-9197,http://place.map.kakao.com/49642900,127.048854789779,37.54868976255,데이트,음식점
623393395,심퍼티쿠시 성수점,음식점 > 양식,음식점,서울 성동구 성수동1가 656-1731,서울 성동구 아차산로 6,070-4101-1408,http://place.map.kakao.com/623393395,127.045124332604,37.5476938415342,데이트,음식점
1687460128,우웨이탕,음식점 > 중식,음식점,서울 성동구 성수동1가 656-1098,서울 성동구 상원1길 11-1,070-7807-2888,http://place.map.kakao.com/1687460128,127.048838797725,37.5449920697748,데이트,음식점
1668839990,울루울루,음식점 > 술집 > 칵테일바,음식점,서울 성동구 성수동1가 13-428,서울 성동구 상원6나길 7,,http://place.map.kakao.com/1668839990,127.049587942216,37.5484714152671,데이트,음식점
639536429,이우다이닝,"음식점 > 한식 > 육류,고기",음식점,서울 성동구 성수동1가 16-1,서울 성동구 성수일로 57,02-468-4755,http://place.map.kakao.com/639536429,127.04992555565534,37.54566015663283,데이트,음식점
1574148228,진작다이닝,음식점 > 퓨전요리 > 퓨전일식,음식점,서울 성동구 성수동1가 656-1250,서울 성동구 왕십리로14나길 10,02-464-4484,http://place.map.kakao.com/1574148228,127.045695676352,37.5493469543015,데이트,음식점
1687557200,다반,음식점 > 한식,음식점,서울 성동구 성수동1가 668-82,서울 성동구 서울숲4길 18-10,,http://place.map.kakao.com/1687557200,127.042685256677,37.5469171864437,데이트,음식점
2058815179,스시도쿠 더성수,"음식점 > 일식 > 초밥,롤",음식점,서울 성동구 성수동1가 668-5,서울 성동구 서울숲6길 13,070-8883-2230,http://place.map.kakao.com/2058815179,127.043056874271,37.5477018214991,데이트,음식점
1261546915,도우또 성수,음식점 > 일식,음식점,서울 성동구 성수동1가 668-79,서울 성동구 서울숲4길 18-8,02-498-0991,http://place.map.kakao.com/1261546915,127.042674017164,37.5470514393321,데이트,음식점
122135443,고집132 성수본점,"음식점 > 한식 > 육류,고기 > 삼겹살",음식점,서울 성동구 성수동1가 656-385,서울 성동구 왕십리로8길 5,02-466-6662,http://place.map.kakao.com/122135443,127.04514853964808,37.54655226674305,데이트,음식점
24987698,더페이지갤러리,"문화,예술 > 문화시설 > 미술관",문화시설,서울 성동구 성수동1가 685-696,서울 성동구 서울숲2길 32-14,02-3447-0049,http://place.map.kakao.com/24987698,127.04291426060006,37.5456755268454,데이트,"문화,예술"
49476955,핫쵸 성수점,음식점 > 일식,음식점,서울 성동구 성수동1가 668-38,서울 성동구 왕십리로5길 9-20,070-4154-1123,http://place.map.kakao.com/49476955,127.044041788355,37.5464715948163,데이트,음식점
946487614,서울숲 은행나무길,"여행 > 관광,명소 > 테마거리",관광명소,서울 성동구 성수동1가 685-20,서울 성동구 뚝섬로 273,,http://place.map.kakao.com/946487614,127.041881891663,37.5450271781489,데이트,여행
887613849,서울로인 서울숲점,음식점 > 한식,음식점,서울 성동구 성수동1가 685-696,서울 성동구 서울숲2길 32-14,02-466-0329,http://place.map.kakao.com/887613849,127.042915325556,37.5455592975766,데이트,음식점
224098323,알비,"문화,예술 > 미술,공예 > 화랑",,서울 성동구 성수동1가 668-12,서울 성동구 서울숲6길 8-1,010-4127-9593,http://place.map.kakao.com/224098323,127.04248992025356,37.54767679890597,데이트,"문화,예술"
8068312,제일,음식점 > 한식,음식점,서울 성동구 성수동1가 656-405,서울 성동구 왕십리로10길 9-9,02-497-0918,http://place.map.kakao.com/8068312,127.04560377277,37.5470944931399,데이트,음식점
1500769154,짬뽕위에더짬뽕 본점,음식점 > 중식 > 중국요리,음식점,서울 성동구 성수동1가 668-10,서울 성동구 서울숲6길 21,02-6010-3323,http://place.map.kakao.com/1500769154,127.0439699165,37.5474086604338,데이트,음식점
1822357485,성수온실,음식점 > 퓨전요리 > 퓨전한식,음식점,서울 성동구 성수동1가 8-28,서울 성동구 왕십리로4길 26-14,010-6668-7786,http://place.map.kakao.com/1822357485,127.046859706993,37.546855236713,데이트,음식점
